{
  "mode": "hybrid+rerank",
  "granularity": "session",
  "recall": {
    "1": 0.9425531914893617,
    "3": 0.9808510638297873,
    "5": 0.9893617021276596,
    "10": 0.9914893617021276
  },
  "ndcg": {
    "5": 0.9721628238546629,
    "10": 0.9702022913354329
  },
  "per_type": {
    "single-session-user": {
      "1": 0.984375,
      "3": 1.0,
      "5": 1.0,
      "10": 1.0
    },
    "multi-session": {
      "1": 0.9834710743801653,
      "3": 1.0,
      "5": 1.0,
      "10": 1.0
    },
    "single-session-preference": {
      "1": 0.7333333333333333,
      "3": 0.8666666666666667,
      "5": 1.0,
      "10": 1.0
    },
    "temporal-reasoning": {
      "1": 0.9133858267716536,
      "3": 0.9763779527559056,
      "5": 0.9763779527559056,
      "10": 0.9763779527559056
    },
    "knowledge-update": {
      "1": 0.9861111111111112,
      "3": 1.0,
      "5": 1.0,
      "10": 1.0
    },
    "single-session-assistant": {
      "1": 0.9285714285714286,
      "3": 0.9642857142857143,
      "5": 0.9642857142857143,
      "10": 0.9821428571428571
    }
  },
  "avg_time": 114.11194313942119,
  "total_time": 53632.613275527954,
  "questions_evaluated": 470,
  "failures": 0
}