{
  "benchmark": "LoCoMo",
  "dataset_path": "/root/work/mnemos/benchmarks/locomo10.json",
  "mode": "hybrid",
  "cml": false,
  "max_k": 10,
  "questions_evaluated": 1536,
  "adversarial_skipped": 446,
  "failures": 4,
  "recall_any": {
    "1": 0.5787760416666666,
    "3": 0.7701822916666666,
    "5": 0.8470052083333334,
    "10": 0.9401041666666666
  },
  "recall_all": {
    "1": 0.4654947916666667,
    "3": 0.6432291666666666,
    "5": 0.72265625,
    "10": 0.8548177083333334
  },
  "ndcg": {
    "1": 0.5787760416666666,
    "3": 0.7431507794770761,
    "5": 0.7710436056208311,
    "10": 0.7890637080130191
  },
  "per_category": {
    "2": {
      "label": "multi-hop",
      "n": 321,
      "recall_any@1": 0.6074766355140186,
      "recall_any@3": 0.7538940809968847,
      "recall_any@5": 0.8161993769470405,
      "recall_any@10": 0.9190031152647975
    },
    "3": {
      "label": "temporal-reasoning",
      "n": 92,
      "recall_any@1": 0.30434782608695654,
      "recall_any@3": 0.5,
      "recall_any@5": 0.6847826086956522,
      "recall_any@10": 0.8043478260869565
    },
    "1": {
      "label": "single-hop",
      "n": 282,
      "recall_any@1": 0.524822695035461,
      "recall_any@3": 0.7943262411347518,
      "recall_any@5": 0.875886524822695,
      "recall_any@10": 0.9680851063829787
    },
    "4": {
      "label": "open-domain",
      "n": 841,
      "recall_any@1": 0.6159334126040428,
      "recall_any@3": 0.797859690844233,
      "recall_any@5": 0.8668252080856124,
      "recall_any@10": 0.9536266349583828
    }
  },
  "avg_query_ms": 175.04231414447227,
  "total_query_s": 268.8649945259094
}