{
  "benchmark": "LoCoMo",
  "dataset_path": "/root/work/mnemos/benchmarks/locomo10.json",
  "mode": "hybrid",
  "cml": true,
  "max_k": 10,
  "questions_evaluated": 1536,
  "adversarial_skipped": 446,
  "failures": 4,
  "recall_any": {
    "1": 0.4895833333333333,
    "3": 0.69921875,
    "5": 0.7936197916666666,
    "10": 0.91015625
  },
  "recall_all": {
    "1": 0.3899739583333333,
    "3": 0.5709635416666666,
    "5": 0.669921875,
    "10": 0.8040364583333334
  },
  "ndcg": {
    "1": 0.4895833333333333,
    "3": 0.6652191146682039,
    "5": 0.7013614193991113,
    "10": 0.729770615178506
  },
  "per_category": {
    "2": {
      "label": "multi-hop",
      "n": 321,
      "recall_any@1": 0.5295950155763239,
      "recall_any@3": 0.7133956386292835,
      "recall_any@5": 0.8130841121495327,
      "recall_any@10": 0.9252336448598131
    },
    "3": {
      "label": "temporal-reasoning",
      "n": 92,
      "recall_any@1": 0.2826086956521739,
      "recall_any@3": 0.45652173913043476,
      "recall_any@5": 0.5760869565217391,
      "recall_any@10": 0.7391304347826086
    },
    "1": {
      "label": "single-hop",
      "n": 282,
      "recall_any@1": 0.4716312056737589,
      "recall_any@3": 0.74822695035461,
      "recall_any@5": 0.8404255319148937,
      "recall_any@10": 0.9290780141843972
    },
    "4": {
      "label": "open-domain",
      "n": 841,
      "recall_any@1": 0.5029726516052319,
      "recall_any@3": 0.703923900118906,
      "recall_any@5": 0.7942925089179548,
      "recall_any@10": 0.9167657550535078
    }
  },
  "avg_query_ms": 381.30391233911115,
  "total_query_s": 585.6828093528748
}